{
  "city": 0.008687813766300678,
  "weather_condition": 0.04823710769414902,
  "road_type": 0.07682602107524872,
  "temperature": 0.010096350684762001,
  "visibility": 0.013845337554812431,
  "festival_indicator": 0.027242062613368034,
  "peak_hour_indicator": 0.441725492477417,
  "num_lanes": 0.0689852312207222,
  "traffic_density": 0.04012516885995865,
  "hour": 0.009770643897354603,
  "day": 0.008542237803339958,
  "month": 0.00841636210680008,
  "is_weekend": 0.05872511863708496,
  "weather_severity": 0.17877499759197235,
  "festival_impact": 0.0
}